{"cameraMode":{"drawMode":0,"name":"Shaded","section":"Shading Mode"},"sceneLighting":true,"audioPlay":false,"sceneViewState":{"showFog":true,"showMaterialUpdate":false,"showSkybox":true,"showFlares":true,"showImageEffects":true,"showParticleSystems":true},"in2DMode":false,"pivot":{"x":-2.6452596187591554,"y":8.923232078552246,"z":-36.594696044921878},"rotation":{"x":0.06176888942718506,"y":0.004802869167178869,"z":-0.00028871477115899324,"w":0.9980789422988892},"size":10.0,"orthographic":false}