{"cameraMode":{"drawMode":0,"name":"Shaded","section":"Shading Mode"},"sceneLighting":true,"audioPlay":false,"sceneViewState":{"showFog":true,"showMaterialUpdate":false,"showSkybox":true,"showFlares":true,"showImageEffects":true,"showParticleSystems":true},"in2DMode":false,"pivot":{"x":-11.576521873474121,"y":23.130767822265626,"z":-7.5239481925964359},"rotation":{"x":0.34065020084381106,"y":-0.04369709640741348,"z":0.015851400792598726,"w":0.9390409588813782},"size":10.0,"orthographic":false}