{"cameraMode":{"drawMode":0,"name":"Shaded","section":"Shading Mode"},"sceneLighting":true,"audioPlay":false,"sceneViewState":{"showFog":true,"showMaterialUpdate":false,"showSkybox":true,"showFlares":true,"showImageEffects":true,"showParticleSystems":true},"in2DMode":false,"pivot":{"x":1.245359182357788,"y":-0.18450596928596497,"z":3.2712061405181886},"rotation":{"x":-0.22924713790416718,"y":0.2610286474227905,"z":-0.063963882625103,"w":-0.9355318546295166},"size":22.0,"orthographic":false}